[{"id":5100,"path":"/Abuse","description":"Abuse and violence, domestic violence, abused women","answer":"Помощью жертвам насилия и профилактикой насилия занимаются фонды и центры: \"Сёстры\", \"Анна\", \"Врачи детям\", \"Насилию.Нет\", \"Журавлик\", Институт недискриминационных гендерных отношений Кризисный центр для женщин, Консорциум женских неправительственных объединений. Благотворительный фонд \"Гуманитарное действие\" помогает женщинам, вовлеченным в сферу оказания сексуальных услуг. Жертвам насилия со стороны представителей власти помогают \"Комитет против пыток\", фонды \"Гражданское содействие\" и \"Общественный вердикт\". Фонд \"Право Матери\" - защищает права родителей, чьи сыновья погибли в армии. Больше организаций по теме и контакты кризисных центров можно найти на сайте Консорциума в разделе \"Партнеры\", на сайте проекта \"Если быть точным\" в разделе \"Каталог НКО\" по фильтру \"Насилие\", на сайте линии \"Ясное утро\" в разделе \"Справочник организаций\". ","enabled":true,"shared":false,"phrases":[{"text":"насилие"},{"text":"жертвы насилия"},{"text":"домашнее насилие"},{"text":"женщинам изнасилование"},{"text":"женщины"},{"text":"женщин бьет"},{"text":"избивает"},{"text":"избивают"},{"text":"изнасилование"},{"text":"изнасиловали"},{"text":"сексуальное насилие"},{"text":"жертвы изнасилования"},{"text":"жертвам сексуального насилия"},{"text":"абьюз"},{"text":"слышу крики"},{"text":"крики"},{"text":"кричит"},{"text":"бьет"},{"text":"тиран"},{"text":"насилует"},{"text":"издевается"},{"text":"издевательство"},{"text":"садист"},{"text":"побои"},{"text":"сожитель"}],"patterns":[]},{"id":5135,"path":"/Addict","description":"People with addictions","answer":"Людям с зависимостью помогают благотворительные фонды \"Гуманитарное действие\", \"Диакония\" , \"Мост жизни\", Фонд имени Андрея Рылькова, движение \"Даниловцы\". Людям и семьям в неблагополучном положении: Православная служба помощи \"Милосердие\", фонды \"Созидание\", \"Предание\", \"Правмир\", \"Адреса Милосердия\", \"Справедливая помощь\", \"Наука и образование\", \"Улица мира\", \"Каритас\", \"Ночлежка\", \"Дари еду\", \"Фонд продовольствия Русь\", \"Мальтийская служба помощи\", Центр \"Дом друзей\". ","enabled":true,"shared":false,"phrases":[{"text":"наркомания"},{"text":"алкоголизм"},{"text":"проблемы с наркотиками"},{"text":"зависимость"},{"text":"наркология"},{"text":"у человека зависимость"},{"text":"героин"},{"text":"алкоголь"},{"text":"проблемы с алкоголем"},{"text":"водка"},{"text":"пиво"},{"text":"бухает"},{"text":"запой"},{"text":"пьет"},{"text":"пьющий"},{"text":"наркозависимый"},{"text":"наркозависимым"},{"text":"алкозависимость"},{"text":"алкозависимый"},{"text":"наркозависимость"},{"text":"пьют"},{"text":"пьёт"},{"text":"зависимым"},{"text":"наркотиками"},{"text":"наркотики"},{"text":"нарко"},{"text":"алко"},{"text":"алкоголь"},{"text":"водка"}],"patterns":[]},{"id":5097,"path":"/Animals","description":"Domestic animals welfare","answer":"Бездомным животным помогают фонды и центры: \"Рэй\", \"Ника\", \"Юна\", \"Не просто собаки\", \"Тедди Фуд\", \"Дарящие надежду\", \"Верность\", \"Динго\", \"Маленькая жизнь\", \"Подарок судьбы\", \"Я свободен\", \"Рука помощи бездомным животным\", Фонд помощи городским животным и многие другие. О других организациях, в том числе работающих в отдельных регионах, можно узнать на сайте Некоммерческого партнерства \"Все Вместе\" в разделе Участники Ассоциации, на сайте фонда \"Нужна помощь\", на сайте проекта \"Если быть точным\" в разделе \"Каталог НКО\", на сайте Добро.Мейл.ру и позвонив на горячую линию по благотворительности Адреса милосердия по телефону +74957417727.","enabled":true,"shared":false,"phrases":[{"text":"животным"},{"text":"кошкам"},{"text":"собакам"},{"text":"животные"},{"text":"звери"},{"text":"бездомным животным"},{"text":"приютам для животных"},{"text":"котикам"},{"text":"зверушкам"},{"text":"песелям"},{"text":"бродячим животным"},{"text":"щенок"},{"text":"котенок"},{"text":"собака"},{"text":"кошка"},{"text":"кошки в подвале"},{"text":"ветклиника"},{"text":"ветеринарная клиника"},{"text":"кота"},{"text":"подобрали кота"},{"text":"кот"},{"text":"пристроить"},{"text":"пристройство"},{"text":"передержка"},{"text":"приют"},{"text":"приюты"},{"text":"кошку"}],"patterns":[]},{"id":5096,"path":"/Covid","description":"Coronavirus related issues","answer":"При симптомах коронавируса, звоните в скорую: 112 с мобильного телефона. Ответы на вопросы о коронавирусе можно найти на сайте www.стопкоронавирус.рф. Как помочь врачам и больницам, рассказано на сайте Антикорона Хелп www.anticorona.help.","enabled":true,"shared":false,"phrases":[{"text":"коронавирус"},{"text":"корона"},{"text":"ковид"},{"text":"пандемия"},{"text":"симптомы коронавируса"},{"text":"ковид 19"},{"text":"врачам в красной зоне"},{"text":"врачам которые работают с коронавирусом"}],"patterns":[]},{"id":5184,"path":"/CultSciEdu","description":"Culture, science, education, etc. ","answer":"Поддержкой культуры, науки и образования занимаются: Фонд Владимира Спивакова, фонды “Траектория”, “Система”, “Новый учитель”, Анимационная студия “ДА”, центр \"Мемориал\", “РакФонд” и другие. О других организациях, в том числе работающих в отдельных регионах, можно узнать на сайте фонда \"Нужна помощь\" или на сайте проекта \"Если быть точным\" в разделе \"Каталог НКО\".","enabled":true,"shared":false,"phrases":[{"text":"культура"},{"text":"образование"},{"text":"школьное образование"},{"text":"искусство"},{"text":"театр"},{"text":"музыка"},{"text":"наука"},{"text":"исследования"},{"text":"живопись"},{"text":"история"},{"text":"архитектура"}],"patterns":[]},{"id":5573,"path":"/Cure","description":"Treatment and recovery","answer":"Уточните, болен ребенок или взрослый. 0 - ребенок, 1 - взрослый.  ","enabled":true,"shared":false,"phrases":[{"text":"лечение"},{"text":"операция"},{"text":"дорогое лечение"},{"text":"рак"},{"text":"онкология"},{"text":"лейкоз"},{"text":"реабилитация"},{"text":"сма"},{"text":"атрофия"},{"text":"мышечная атрофия"},{"text":"генетика"},{"text":"генетический"},{"text":"порок сердца"},{"text":"буллезный эпидермолиз"},{"text":"травма"},{"text":"лечение"},{"text":"операция"},{"text":"муковисцидоз"},{"text":"амиотрофия"},{"text":"грыжа"},{"text":"спина бифида"},{"text":"перелом"},{"text":"черепномозговая"},{"text":"ивл"},{"text":"вентиляция"},{"text":"протез"},{"text":"протезирование"},{"text":"лекарства"},{"text":"процедуры"},{"text":"курс терапии"},{"text":"медикаменты"},{"text":"химия"},{"text":"химиотерапия"},{"text":"химио терапия"},{"text":"лучевая терапия"},{"text":"больница"},{"text":"вич"},{"text":"вич-инфекция"}],"patterns":[]},{"id":5183,"path":"/Disability","description":"Physical disabilities.","answer":"Людям с ограниченными возможностями физического здоровья помогают: РОИ “Перспектива”, центр социально-трудовой адаптации инвалидов \"Мастер ОК\", Центр лечебной педагогики “Особое детство”, АНО \"Пространство равных возможностей\". Творческое обьединение “Круг” поддерживает слепых, глухих, спепоглухих людей. Слепоглухим людям помогают - Фонд поддержки слепоглухих “Со-единение” и Общество поддержки слепоглухих “Эльвира”. Фонд \"Право на зрение!\" помогает людям, рискующим потерять зрение. Фонд “Точка опоры” помогает спортсменам с инвалидностью. В организации или оплате реабилитации могут помочь фонды: “Клуб добряков”, “Правмир”, “Предание”, Служба “Милосердие”, Фонд в поддержку пострадавших в ДТП. О других организациях, в том числе работающих в отдельных регионах, можно узнать на сайте Некоммерческого партнерства \"Все Вместе\" в разделе Участники Ассоциации, на сайте фонда \"Нужна помощь\", на сайте проекта \"Если быть точным\" в разделе \"Каталог НКО\", на сайте Добро.Мейл.ру и позвонив на горячую линию по благотворительности Адреса милосердия по телефону +74957417727.","enabled":true,"shared":false,"phrases":[{"text":"инвалид"},{"text":"инвалидность"},{"text":"инвалидность по зрению"},{"text":"инвалидность по слуху"},{"text":"глухие"},{"text":"слепые"},{"text":"слепоглухие"},{"text":"глухонемые"},{"text":"жестовый язык"},{"text":"социализация"},{"text":"реабилитация"},{"text":"технические средства реабилитации"},{"text":"овз"},{"text":"ограниченные возможности здоровья"},{"text":"неходячий"},{"text":"в инвалидной коляске"},{"text":"пандус"},{"text":"инвалиды"},{"text":"Чечня"},{"text":"Афган"},{"text":"Афганистан"},{"text":"военный инвалид"}],"patterns":[]},{"id":5107,"path":"/Further","description":"User is not sure, lacks knowledge","answer":"Слушаю. Какой у вас вопрос?","enabled":true,"shared":false,"phrases":[{"text":"еще вопрос"},{"text":"другой вопрос"},{"text":"еще"},{"text":"новый вопрос"},{"text":"есть еще вопрос"},{"text":"еще можно спросить?"},{"text":"а еще помочь?"},{"text":"другой вопрос"},{"text":"а еще"}],"patterns":[]},{"id":5631,"path":"/Geo","description":"Nonprofits by city","answer":"Фонды, которые работают в вашем регионе, вы найдете на сайте проекта \"Если быть точным\" в разделе \"Каталог НКО\".","enabled":true,"shared":false,"phrases":[{"text":"регион"},{"text":"край"},{"text":"город"},{"text":"городе"},{"text":"крае"},{"text":"регионе"},{"text":"региону"}],"patterns":[]},{"id":5131,"path":"/GoodBot","description":"User is happy with the answer. ","answer":"Спасибо! Остаюсь на связи.","enabled":true,"shared":false,"phrases":[{"text":"молодец"},{"text":"отличный бот"},{"text":"нравится"},{"text":"нравишься"},{"text":"круто"},{"text":"супер"},{"text":"да"},{"text":"то что надо"},{"text":"спасибо"},{"text":"спс"},{"text":"отлично"},{"text":"ага"},{"text":"угу"},{"text":"да спасибо"},{"text":"да"},{"text":"подходит"},{"text":"подходящая"},{"text":"крутяк"},{"text":"крутотень"},{"text":"зашибись"},{"text":"огонь"},{"text":"класс"},{"text":"классный"},{"text":"классная"}],"patterns":[]},{"id":5128,"path":"/Hello","description":"Greetings.","answer":"Здравствуйте! Какой у вас вопрос?","enabled":true,"shared":false,"phrases":[{"text":"привет"},{"text":"добрый день"},{"text":"здравствуйте"},{"text":"добрый вечер"},{"text":"приветик"},{"text":"доброе утро"},{"text":"ghbdtn"},{"text":"првиет"},{"text":"хай"},{"text":"хелло"},{"text":"прив"}],"patterns":[]},{"id":5101,"path":"/Homeless","description":"Homeless people.","answer":"Бездомным людям помогают фонды \"Ночлежка\", \"Ангар спасения\" службы Милосердие, \"Справедливая помощь\", \"Друзья общины святого Эгидия\", центр \"Дом друзей\", центр \"Каритас\", движение \"Даниловцы\" и другие. Также в Москве есть городская служба Социальный патруль 84993566067, туда можно позвонить, если вы хотите помочь конкретному человеку без дома. О других организациях, в том числе работающих в отдельных регионах, можно узнать на сайте Некоммерческого партнерства \"Все Вместе\" в разделе Участники Ассоциации, на сайте фонда \"Нужна помощь\", на сайте проекта \"Если быть точным\" в разделе \"Каталог НКО\", на сайте Добро.Мейл.ру и позвонив на горячую линию по благотворительности Адреса милосердия по телефону +74957417727.","enabled":true,"shared":false,"phrases":[{"text":"бездомные"},{"text":"бомжи"},{"text":"живут на улице"},{"text":"потерял дом"},{"text":"дома"},{"text":"без крыши над головой"},{"text":"бродяги"},{"text":"вокзале"},{"text":"бомж"},{"text":"бомжик"},{"text":"бомжиха"},{"text":"кров"},{"text":"крова"},{"text":"жилья"},{"text":"места жительства"}],"patterns":[]},{"id":5130,"path":"/HowTo","description":"Ways to help","answer":"Поддержать выбранный благотворительный фонд можно по-разному. Можно сделать пожертвование на сайте фонда или через банк. Можно стать волонтером, как именно это сделать - обычно тоже рассказано на сайте фонда. Волонтеры могут выполнять очень разные задачи - от программирования и переводов до ночных походов в лес в поисках заблудившегося человека. Некоторым фондам могут пригодиться разные вещи, новые и бывшие в использовании, например: медицинские приспособления, средства по уходу за пациентами, канцелярские товары, офисная техника, авто для перевозки людей и многое другое. ","enabled":true,"shared":false,"phrases":[{"text":"способы"},{"text":"виды"},{"text":"полезен"},{"text":"только деньгами"},{"text":"волонтер"},{"text":"волонтерство"},{"text":"доброволец"},{"text":"добровольцем"}],"patterns":[]},{"id":5182,"path":"/Lgbt","description":"Lgbt rights. ","answer":"Защитой представителей ЛГБТ от дискриминации занимаются проекты: “Российская ЛГБТ-сеть”,  “Дети-404”, группа “Стимул”. Кинофестиваль “Бок о Бок” через искусство и мероприятия борется против всех форм дискриминации по признаку пола, сексуальной ориентации, гендерной идентичности и самовыражения. ","enabled":true,"shared":false,"phrases":[{"text":"лгбт"},{"text":"геи"},{"text":"лесбиянки"},{"text":"сексуальные меньшинства"},{"text":"транс"},{"text":"трансгендеры"},{"text":"квир"},{"text":"квир культура"},{"text":"гомосексуалисты"},{"text":"гомосексуалы"},{"text":"гомофобия"},{"text":"404"},{"text":"гей"},{"text":"лесбиянка"},{"text":"однополый"},{"text":"гомосексуальный"},{"text":"гомофобии"},{"text":"дискриминация геев"},{"text":"пидор"},{"text":"пидорас"},{"text":"голубой"}],"patterns":[]},{"id":5092,"path":"/Mental","description":"Kids and adults with mental desorders","answer":"Людям с расстройством аутистического спектра и разными особенностями развития помогают фонды: \"Выход\", \"Жизненный путь\", \"Обнаженные сердца\", \"Даунсайд Ап\", \"Центр лечебной педагогики \"Особое детство\",  \"Я есть\", \"Гольфстрим\", \"Вверх\", \"Перспективы\", \"Пространство общения\", \"Лучшие друзья\", \"Синдром любви\", \"Спешите делать добро\", а также ВОРДИ - организация родителей и законных представителей детей-инвалидов, ГАООРДИ  - ассоциация общественных объединений родителей детей-инвалидов и другие. О других организациях, в том числе работающих в отдельных регионах, можно узнать на сайте Некоммерческого партнерства \"Все Вместе\" в разделе Участники Ассоциации, на сайте фонда \"Нужна помощь\", на сайте проекта \"Если быть точным\" в разделе \"Каталог НКО\", на сайте Добро.Мейл.ру и позвонив на горячую линию по благотворительности Адреса милосердия по телефону +74957417727.","enabled":true,"shared":false,"phrases":[{"text":"аутизм"},{"text":"РАС"},{"text":"расстройство аутистического спектра"},{"text":"синдром Дауна"},{"text":"солнечный ребенок"},{"text":"солнечные дети"},{"text":"с особенностями развития"},{"text":"умственная отсталость"},{"text":"нарушения психического здоровья"},{"text":"отклонения в развитии"},{"text":"задержка в развитии"},{"text":"аспергера"},{"text":"ментальный"},{"text":"ментальные"},{"text":"когнитивные"},{"text":"расстройство"}],"patterns":[]},{"id":5136,"path":"/Migrant","description":"Migration issues. ","answer":"Мигрантам помогает Комитет \"Гражданское содействие\". Людям в трудной жизненной ситуации помогают Православная служба помощи \"Милосердие\", центр \"Дом друзей\", фонды \"Справедливая помощь\", \"Созидание\", \"Предание\", \"Правмир\", \"Адреса Милосердия\", Мальтийская служба помощи\", \"Ночлежка\", \"Теплый дом\", \"Дари еду\", \"Фонд продовольствия Русь\", \"Закят\". ","enabled":true,"shared":false,"phrases":[{"text":"мигранты"},{"text":"эмигранты"},{"text":"иммигранты"},{"text":"беженцы"},{"text":"приезжие"},{"text":"иностранцы"},{"text":"приехавшие"}],"patterns":[]},{"id":5090,"path":"/MpSearch","description":"Missing persons search and rescue","answer":"Если у вас пропал близкий или у вас есть информация о пропавшем - звоните на круглосуточную горячую линию поисково-спасательного отряда Лиза Алерт: 88007005452. Если вы хотите стать волонтером отряда и помогать искать пропавших взрослых и детей, информация о том, как присоединиться, есть на сайте отряда.","enabled":true,"shared":false,"phrases":[{"text":"ребенок не вернулся из школы"},{"text":"искать людей"},{"text":"потеряшка"},{"text":"заблудился в лесу"},{"text":"исчез"},{"text":"ищут пропавших"},{"text":"ищет пропавших"},{"text":"пропал"},{"text":"не вернулся"},{"text":"заблудился"},{"text":"потерялся"},{"text":"пропал по дороге из школы"},{"text":"без вести"},{"text":"гулять"},{"text":"ночевать"},{"text":"прогулки"}],"patterns":[]},{"id":5098,"path":"/Nature","description":"Nature and environment","answer":"Природе и диким животным помогают фонды Гринпис Россия, Всемирный фонд природы (WWF России), \"Движение ЭКА\", фонды \"Мой Байкал\" и \"Озеро Байкал\", АНО \"Маленькая жизнь\", Центр спасения дельфинов \"Дельфа\", Центр помощи морским млекопитающим \"Тюлень\". Проблемами раздельного сбора мусора и переработкой вещей занимаются проект \"Раздельный Сбор\" и \"Второе дыхание\". ","enabled":true,"shared":false,"phrases":[{"text":"дикие звери"},{"text":"природе"},{"text":"экологии"},{"text":"окружающей среде"},{"text":"спасать окружающую среду"},{"text":"диким животным"},{"text":"редкие виды животных"},{"text":"исчезающие виды животных"},{"text":"лесам"},{"text":"лесных пожаров"},{"text":"раздельный сбор мусора"},{"text":"мусор"},{"text":"свалки"},{"text":"занимаются экологическими проблемами"},{"text":"проблемы экологии"},{"text":"экология"},{"text":"глобальное потепление"},{"text":"парниковый эффект"},{"text":"отходы"},{"text":"переработка отходов"},{"text":"сортировка"},{"text":"гарь"},{"text":"гарью"},{"text":"горит"},{"text":"горит трава"}],"patterns":[]},{"id":5088,"path":"/NeedHelp","description":"User needs help","answer":"Опишите вашу проблему в нескольких словах. Например: пропал человек, болеет ребенок, нужен хоспис...","enabled":false,"shared":false,"phrases":[{"text":"мне нужна помощь"},{"text":"у меня проблема"},{"text":"мне нужны деньги"},{"text":"кто мне может помочь"},{"text":"ищу кто мне сможет помочь"},{"text":"ищу фонд который мне поможет"},{"text":"а мне кто поможет"},{"text":"самому нужна помощь"},{"text":"кто бы мне помог"}],"patterns":[]},{"id":5105,"path":"/NotRelevant","description":"User is not sure, lacks knowledge","answer":"Жаль. Давайте попробуем снова. Пожалуйста, сформулируйте ваш вопрос другими словами.","enabled":true,"shared":false,"phrases":[{"text":"нет"},{"text":"не совсем"},{"text":"не то"},{"text":"не подходит"},{"text":"неправильно"},{"text":"чущь"},{"text":"чушь"},{"text":"ерунда"},{"text":"фигня"},{"text":"это не то"},{"text":"нет не то"},{"text":"дура"},{"text":"дурак"},{"text":"недостаточно"},{"text":"информации недостаточно"}],"patterns":[]},{"id":5103,"path":"/NotSure","description":"User is not sure, lacks knowledge","answer":"Если вы не уверены, узнать о разных фондах можно на сайтах некоммерческого партнерства \"Все вместе\", проекта \"Если быть точным\", фонда \"Нужна помощь\". Это тоже некоммерческие организации. Они не занимаются одной конкретной проблемой, но поддерживают работу разных фондов. А поддержать их деятельность также можно сделав пожертвование.","enabled":true,"shared":false,"phrases":[{"text":"всех жалко"},{"text":"сложно решить"},{"text":"сложно выбрать"},{"text":"выбрать"},{"text":"кого выбрать"},{"text":"нужнее"},{"text":"самым несчастным"},{"text":"самым нуждающимся"}],"patterns":[]},{"id":5102,"path":"/Orphan","description":"Kids without a family","answer":"Помощью детям-сиротам и детям из неблагополучных семей, а также поддержкой усыновления занимаются: фонд \"Измени одну жизнь\", \"Детские Деревни SOS\", \"Арифметика добра\", \"Волонтеры в помощь детям-сиротам\", \"Вверх\", \"Дети Марии\", \"Дети Наши\", \"Димина мечта\", \"Здесь и сейчас\", \"Рост\", \"Весна в сердце\", \"АиФ. Доброе сердце\", \"Большая перемена\", \"Виктория\", \"Дорога жизни\", Упсала-Цирк и многие другие. О других организациях, в том числе работающих в отдельных регионах, можно узнать на сайте Некоммерческого партнерства \"Все Вместе\" в разделе Участники Ассоциации, на сайте фонда \"Нужна помощь\", на сайте проекта \"Если быть точным\" в разделе \"Каталог НКО\", на сайте Добро.Мейл.ру, на Горячей линии по благотворительности Адреса милосердия +74957417727.","enabled":true,"shared":false,"phrases":[{"text":"сироты"},{"text":"детский дом"},{"text":"усыновление"},{"text":"дети без семьи"},{"text":"без родителей"},{"text":"дом ребенка"},{"text":"малютки"},{"text":"отказники"},{"text":"без попечения родителей"},{"text":"брошенные дети"},{"text":"усыновить"},{"text":"усыновление"},{"text":"приемные"}],"patterns":[]},{"id":5089,"path":"/Palliativ","description":"Palliative care, end-of-life","answer":"За помощью для неизлечимо больного человека можно обратиться на горячую линию фонда \"Вера\" 88007008436. На портале ПроПаллиатив есть статьи, видео и памятки по уходу за тяжелобольным человеком, адреса и телефоны хосписов. Если вы хотите помогать хосписам и их пациентам, узнайте как - на сайте Благотворительного фонда помощи хосписам \"Вера\".","enabled":true,"shared":false,"phrases":[{"text":"Рак 4 стадия"},{"text":"четвертая стадия рака"},{"text":"неизлечимо болен"},{"text":"выписывают из больницы"},{"text":"онкология 4 стадия"},{"text":"4 стадия"},{"text":"хосписы"},{"text":"паллиатив"},{"text":"паллиативная"},{"text":"обезболивание"},{"text":"умирающие"},{"text":"смертельно больные"},{"text":"неизлечимо больные"},{"text":"в терминальной стадии"},{"text":"с неизлечимой болезнью"},{"text":"четвертая стадия"},{"text":"хоспис"},{"text":"хосписная"},{"text":"федермессер"},{"text":"миллионщикова"},{"text":"нюта"}],"patterns":[]},{"id":5093,"path":"/Poverty","description":"Underpriviliged people and families, homeless people","answer":"Людям в трудной жизненной ситуации помогают Православная служба помощи \"Милосердие\", центр \"Дом друзей\", фонды \"Справедливая помощь\", \"Созидание\", \"Предание\", \"Правмир\", \"Адреса Милосердия\", Мальтийская служба помощи\", \"Ночлежка\", \"Теплый дом\", \"Дари еду\", \"Фонд продовольствия Русь\", \"Закят\".  О других организациях, в том числе работающих в отдельных регионах, можно узнать на сайте Некоммерческого партнерства \"Все Вместе\" в разделе Участники Ассоциации, на сайте фонда \"Нужна помощь\", на сайте проекта \"Если быть точным\" в разделе \"Каталог НКО\", на сайте Добро.Мейл.ру и позвонив на горячую линию по благотворительности Адреса милосердия по телефону +74957417727.","enabled":true,"shared":false,"phrases":[{"text":"нужны деньги"},{"text":"нет работы"},{"text":"есть нечего"},{"text":"жрать нечего"},{"text":"нищие"},{"text":"в нищите"},{"text":"трудная материальная ситуация"},{"text":"плохое материальное положение"},{"text":"бедность"},{"text":"бедным"},{"text":"без денег"},{"text":"нуждающимся"},{"text":"билет домой"},{"text":"деньги на дорогу"},{"text":"нищета"},{"text":"нужда"},{"text":"корить семью"},{"text":"кормить детей"},{"text":"кушать нечего"},{"text":"продукты"},{"text":"еда"},{"text":"пища"},{"text":"малообеспеченные"},{"text":"пожар"},{"text":"сгорел"},{"text":"бедствие"},{"text":"наводнение"}],"patterns":[]},{"id":5181,"path":"/Prison","description":"Detainees' rights.","answer":"Заключенным, политическим заключенным, жертвам судебных ошибок и произвола правоохранительных органов, а также их семьям помогают: Комитет \"Гражданское содействие\", \"Комитет против пыток\", \"Еврейский Благотворительный Комитет\", движение \"Даниловцы\", фонды \"Общественный вердикт\", \"В защиту прав заключенных\", \"Протяни Руку\", \"Справедливая помощь\", \"Центр содействия реформе уголовного правосудия\". Медиа-проект ОВД-Инфо ведет работу по борьбе с политическими преследованиями. Центр \"Мемориал\" занимается просветительской и правозащитной работой в сфере политический репрессий. \n","enabled":true,"shared":false,"phrases":[{"text":"тюрьма"},{"text":"заключенные"},{"text":"политзаключенные"},{"text":"репрессий"},{"text":"колониях"},{"text":"исправительные колонии"},{"text":"тюрьмах"},{"text":"осужденные"}],"patterns":[]},{"id":5095,"path":"/Psycho","description":"Psychological help.","answer":"Многие фонды оказывают психологическую поддержку людям, чье душевное состояние ухудшилось из-за определенной проблемы. Например, психологическую помощь онкобольным оказывает линия \"Ясное утро\",  пережившим сексуальное насилие - телефон доверия центра \"Сестры\", родителям неизлечимо больных детей - фонд \"Вера\", родителям, потерявшим ребенка до или вскоре после родов - \"Свет в руках\". Телефоны можно найти на сайтах этих организаций. На сайте линии \"Ясное утро\" в разделе \"Справочник организаций\" указаны телефоны доверия по различным темам. За общей бесплатной психологической помощью в Москве можно обратиться в службу психологической помощи населению на сайте по номеру 84991730909. Из других регионов с городского телефона – по короткому номеру 051 (звонок бесплатный), с мобильного телефона – 8495051 (звонящий оплачивает услуги оператора связи). ","enabled":true,"shared":false,"phrases":[{"text":"трудно"},{"text":"плохо"},{"text":"апатия"},{"text":"тошно"},{"text":"одиноко"},{"text":"панические атаки"},{"text":"умереть"},{"text":"сдохнуть"},{"text":"мания"},{"text":"паника"},{"text":"депресняк"},{"text":"депрессия"},{"text":"психологическая"},{"text":"психиатрическая"},{"text":"психология"},{"text":"психолог"},{"text":"повеситься"},{"text":"покончить"},{"text":"суицид"},{"text":"страшно"},{"text":"психиатр"},{"text":"утрата"},{"text":"пережить утрату"},{"text":"родители потеряли детей"}],"patterns":["тяжело"]},{"id":5099,"path":"/Senior","description":"Senior people","answer":"Пожилым людям помогает фонд \"Старость в радость\", а также фонды \"Справедливая помощь\", \"София\", Православная служба помощи \"Милосердие\", \"Друзья общины святого Эгидия\", \"Мальтийская служба помощи\". Людям, пережившим инсульт, - фонд ОРБИ. Людям с деменцией и их близким - фонд \"Альцрус\". Ак­те­рам те­ат­ра и ки­но стар­ше­го по­коления - фонд \"Артист\". Волонтерский отряд Лиза Алерт ищет заблудившихся людей, в том числе пожилых, в лесу и в городе.","enabled":true,"shared":false,"phrases":[{"text":"пожилые люди"},{"text":"старики"},{"text":"ветераны"},{"text":"бабушки"},{"text":"дедушки"},{"text":"старость"},{"text":"пенсионеры"},{"text":"престарелые"},{"text":"ба и де"},{"text":"сиделка"},{"text":"сиделку"},{"text":"ухаживать"}],"patterns":[]},{"id":5094,"path":"/SickAdults","description":"Adults with deseases","answer":"Взрослым людям с разными тяжелыми заболеваниями помогают фонды: \"Живой\", \"Адвита\", \"Правмир\", \"Предание\", \"Огромное сердце\", фонд поддержки женщин \"Александра\" и другие. Людям с ВИЧ: \"Ева\", \"Врачи детям\", православная служба помощи \"Милосердие\", \"Гуманитарное действие\", \"Пациентский контроль\",  \"Позитивный диалог\" и другие. Людям, пережившим инсульт, - фонд ОРБИ. Фонды \"Живи сейчас\" и \"Семьи СМА\" помогают людям с боковым амиотрофическим склерозом и спинальной мышечной атрофией. Фонд \"Хрупки люди\" - людям с повышенной хрупкостью костей. Горячая линия \"Ясное Утро\" оказывает психологическую помощь людям, столкнувшимся с онкологией. О других организациях, в том числе работающих в отдельных регионах, можно узнать на сайте Некоммерческого партнерства \"Все Вместе\" в разделе Участники Ассоциации, на сайте фонда \"Нужна помощь\", на сайте проекта \"Если быть точным\" в разделе \"Каталог НКО\", на сайте Добро.Мейл.ру и позвонив на горячую линию по благотворительности Адреса милосердия по телефону +74957417727.","enabled":true,"shared":false,"phrases":[{"text":"бас"},{"text":"склероз"},{"text":"взрослый"},{"text":"инсульт"},{"text":"альцгеймера"},{"text":"альцгеймер"},{"text":"взрослым"},{"text":"1"},{"text":"один"},{"text":"единица"},{"text":"спид"},{"text":"спидом"},{"text":"спиде"}],"patterns":[]},{"id":5091,"path":"/SickKids","description":"Kids with somatic deseases","answer":"Детям, с тяжелыми заболеваниями, которым нужно лечение или реабилитация, помогают многие фонды, вот некоторые из них. Фонды \"Правмир\", \"Кораблик\", \"Линия жизни\", \"Русфонд\", \"Помоги.орг\", \"Спешите делать добро\" - помогают детям с широким спектром заболеваний и состояний, в том числе с онкологией, сердечными заболеваниями, последствиями травм, грыжей спинного мозга, челюстно-лицевыми патологиями. Детям с онкологическими и гематологическими заболеваниями помогают фонды \"Подари жизнь\", \"Адвита\", \"Настенька\", \"Жизнь\", Фонд Константина Хабенского. С болезнями сердца - фонд \"Детские сердца\". С нервно-мышечными заболеваниями: \"Мой Мио\" и \"Семьи СМА\". С буллёзным эпидермолизом - фонд \"Дети-бабочки\". С муковисцидозом: \"Во имя жизни\", \"Тепло сердец\", \"Острова\", \"Маленький Мук\". с нарушениями иммунитета - фонд \"Подсолнух\", заболеваниями печени - \"Жизнь как чудо\", опорно-двигательного аппарата: \"Галчонок\", Центр лечебной педагогики \"Особое детство\", фонд \"Движение - это жизнь\". О других организациях, в том числе работающих в отдельных регионах, можно узнать на сайте Некоммерческого партнерства \"Все Вместе\" в разделе Участники Ассоциации, на сайте фонда \"Нужна помощь\", на сайте проекта \"Если быть точным\" в разделе \"Каталог НКО\", на сайте Добро.Мейл.ру и позвонив на горячую линию по благотворительности Адреса милосердия по телефону +74957417727.","enabled":true,"shared":false,"phrases":[{"text":"болен ребенок"},{"text":"генетическая болезнь у ребенка"},{"text":"болен сын"},{"text":"больна дочь"},{"text":"врожденная болезнь ребенка"},{"text":"дцп"},{"text":"церебральный паралич"},{"text":"родовая"},{"text":"родовой"},{"text":"врожденное"},{"text":"врожденный"},{"text":"0"},{"text":"ноль"},{"text":"нуль"},{"text":"ДЦП"}],"patterns":[]},{"id":5086,"path":"/ToHelp","description":"User wants to help","answer":"Расскажите, кому вы хотели бы помочь? Например: женщинам, пожилым, бездомным людям, детям, животным...","enabled":false,"shared":false,"phrases":[{"text":"хочу помочь"},{"text":"хочу помогать"},{"text":"кому помочь"},{"text":"хочу стать волонтером"},{"text":"хочу пожертвовать"},{"text":"сделать донат"},{"text":"хочу дать денег"},{"text":"хочу кому-нибудь помочь"},{"text":"хочу сделать доброе дело"},{"text":"я хочу кому-нибудь помочь"},{"text":"хочу помогать"}],"patterns":[]},{"id":5129,"path":"/Why","description":"Why help at all ","answer":"Боюсь, на это я не отвечу. Я думаю, любой человек и животное может оказаться в беде. Помогать или нет - каждый решает для себя. Но это приятно, знаю по себе. А благотворительные фонды позволяют делать это системно и не тратить время на то, чтобы самому разбираться в каждой ситуации. Не все фонды, конечно. Я могу подсказать достойные, спрашивайте. ","enabled":true,"shared":false,"phrases":[{"text":"почему"},{"text":"почему не государство"},{"text":"зачем благотворительность"},{"text":"они сами виноваты"},{"text":"с какой стати"},{"text":"какого хрена"},{"text":"какого черта"},{"text":"государство"},{"text":"чиновники"},{"text":"правительство"},{"text":"налоги"}],"patterns":[]}]