{"actions":[{"description":"Default","name":"MAIN","fulfillment":{"conversationName":"defaultFulfillment"},"intent":{"name":"actions.intent.MAIN"}},{"name":"TRIGGER ","intent":{"name":"com.aimylogic.TRIGGER","trigger":{"queryPatterns":["Фонды","Расскажи про фонды","какие есть благотворительные фонды"]}},"fulfillment":{"conversationName":"defaultFulfillment"}}],"conversations":{"defaultFulfillment":{"name":"defaultFulfillment","url":"https://bot.jaicp.com/restapi/google/webhook/LZbXXOKD:e4eed5e9665fa6a8ad6cd076c7ce18b3367c191d","fulfillmentApiVersion":2}},"locale":"en"}